<?xml version="1.0" encoding="UTF-8"?>
<vcs-root xmlns:xsi="http://www.w3.org/2001/XMLSchema-instance" uuid="165aa2e7-a734-4b28-9890-385bb1685c0d" type="jetbrains.git" xsi:noNamespaceSchemaLocation="https://www.jetbrains.com/teamcity/schemas/2021.1/project-config.xsd">
  <name>https://github.com/sergemmikh/example-teamcity_4_hw.git#refs/heads/master</name>
  <param name="agentCleanFilesPolicy" value="ALL_UNTRACKED" />
  <param name="agentCleanPolicy" value="ON_BRANCH_CHANGE" />
  <param name="authMethod" value="PASSWORD" />
  <param name="branch" value="refs/heads/master" />
  <param name="ignoreKnownHosts" value="true" />
  <param name="secure:password" value="zxxac0b501ef9a679f4c7c0277fec32c73ba2eb70eff943a30742ded63d42e9d86ee29a3727cd40b6bcef89736e33e12b5ca5c51f5f25337649841eb8a6574ef373a33d0d803f297b5b46726791f02d8c5b860d9ee65b049394679bdf951a0638e2" />
  <param name="submoduleCheckout" value="CHECKOUT" />
  <param name="teamcity:branchSpec" value="refs/heads/*" />
  <param name="url" value="https://github.com/sergemmikh/example-teamcity_4_hw.git" />
  <param name="useAlternates" value="AUTO" />
  <param name="username" value="sergeMMikh" />
  <param name="usernameStyle" value="USERID" />
</vcs-root>

